,precision,recall,f1-score,support
0,0.8469744344307523,0.6885466507177034,0.7595876288659795,6688.0
1,0.25152712899748475,0.45691906005221933,0.324449594438007,1532.0
accuracy,0.6453771289537713,0.6453771289537713,0.6453771289537713,0.6453771289537713
macro avg,0.5492507817141186,0.5727328553849613,0.5420186116519933,8220.0
weighted avg,0.7359981239777393,0.6453771289537713,0.6784889100407175,8220.0
