,precision,recall,f1-score,support
0,0.8560015977631316,0.6403705363812939,0.7326495726495728,6693.0
1,0.25085589791472146,0.5278323510150622,0.34008438818565395,1527.0
accuracy,0.6194647201946472,0.6194647201946472,0.6194647201946472,0.6194647201946472
macro avg,0.5534287478389265,0.5841014436981781,0.5363669804176133,8220.0
weighted avg,0.7435858454920218,0.6194647201946472,0.659724142396969,8220.0
