,precision,recall,f1-score,support
0,0.8396577380952381,0.681667170039263,0.752458743123854,6622.0
1,0.2587904360056259,0.46057571964956195,0.3313822602431338,1598.0
accuracy,0.6386861313868614,0.6386861313868614,0.6386861313868614,0.6386861313868614
macro avg,0.549224087050432,0.5711214448444125,0.5419205016834938,8220.0
weighted avg,0.7267348732851165,0.6386861313868614,0.670599835624658,8220.0
