,precision,recall,f1-score,support
0,0.8465366242038217,0.6411879993969546,0.7296903148322895,6633.0
1,0.2553191489361702,0.5141776937618148,0.34120844658164334,1587.0
accuracy,0.6166666666666667,0.6166666666666667,0.6166666666666667,0.6166666666666667
macro avg,0.5509278865699959,0.5776828465793846,0.5354493807069665,8220.0
weighted avg,0.7323928123729503,0.6166666666666667,0.6546877935532415,8220.0
