,precision,recall,f1-score,support
0,0.8481655691439323,0.6713328369322412,0.7494596841230257,6715.0
1,0.24027538726333908,0.46378737541528237,0.31655328798185944,1505.0
accuracy,0.6333333333333333,0.6333333333333333,0.6333333333333333,0.6333333333333333
macro avg,0.5442204782036357,0.5675601061737618,0.5330064860524426,8220.0
weighted avg,0.7368669409528991,0.6333333333333333,0.6701988415205373,8220.0
